{
  "csi": {
    "snr": [
      0,
      2,
      4,
      6,
      8,
      10,
      12,
      14,
      16,
      18,
      20,
      22,
      24,
      26,
      28,
      30
    ],
    "csi_vars": [
      0.0,
      0.01,
      0.05,
      0.1
    ],
    "I_MAP": {
      "0.0": [
        0.19056234731439603,
        0.2372607709121335,
        0.30169962003221684,
        0.3948615996699114,
        0.5290482994532408,
        0.7018452217003845,
        0.8949709517295821,
        1.092727917192739,
        1.2800956328960396,
        1.453532313931923,
        1.6128730375894558,
        1.7505621369372473,
        1.8583849373138632,
        1.9293788538357046,
        1.9700936786966485,
        1.9888485807911838
      ],
      "0.01": [
        0.18958160246872247,
        0.2353722451316238,
        0.2972734976815028,
        0.38521765897091953,
        0.5095444521364567,
        0.666756029569046,
        0.8383600050286009,
        1.008595826253921,
        1.1564662182592682,
        1.2687073778766242,
        1.3394075200407094,
        1.3536581997823236,
        1.298767883990382,
        1.1450343926299078,
        0.864124976810462,
        0.390202287266596
      ],
      "0.05": [
        0.185578386997576,
        0.22777034634881943,
        0.28044827806666905,
        0.3488636465537198,
        0.4358344979326283,
        0.5313554163872805,
        0.6092857986516302,
        0.6413273199491019,
        0.5805014490649081,
        0.3647052250920708,
        -0.07085778791128572,
        -0.8412149616958784,
        -2.1012012037699437,
        -4.0000817279780865,
        -6.575582161862645,
        -9.702030949764742
      ],
      "0.1": [
        0.1805316896887299,
        0.21841800392837096,
        0.2606924648033635,
        0.3073824058007044,
        0.35298490723053955,
        0.3767833297288221,
        0.3410388439454073,
        0.1898027988280495,
        -0.15663178973591263,
        -0.8203377939258387,
        -1.9576102474632489,
        -3.8022401378472264,
        -6.558916563573375,
        -10.228517921368372,
        -14.592066858206834,
        -19.17076119963446
      ]
    },
    "MAP_SER": {
      "0.0": [
        0.593201,
        0.5762805,
        0.5542265,
        0.5221735,
        0.4734845,
        0.411607,
        0.3453805,
        0.2793775,
        0.218599,
        0.1629345,
        0.112834,
        0.0709465,
        0.0393025,
        0.019266,
        0.0080025,
        0.0029435
      ],
      "0.01": [
        0.5936755,
        0.576726,
        0.555599,
        0.525473,
        0.4808135,
        0.423819,
        0.3640425,
        0.305138,
        0.2535615,
        0.209679,
        0.1730895,
        0.1442575,
        0.1221555,
        0.107003,
        0.096916,
        0.0903925
      ],
      "0.05": [
        0.595267,
        0.5793245,
        0.5609865,
        0.5375575,
        0.505574,
        0.4643595,
        0.4220905,
        0.3814845,
        0.347857,
        0.3227735,
        0.3031575,
        0.2898745,
        0.2799965,
        0.2734355,
        0.2691505,
        0.2669535
      ],
      "0.1": [
        0.597447,
        0.5826525,
        0.5676755,
        0.551117,
        0.5291605,
        0.5002195,
        0.4699505,
        0.4421515,
        0.4195205,
        0.4033985,
        0.3907385,
        0.382939,
        0.377425,
        0.3734155,
        0.3709345,
        0.369788
      ]
    }
  },
  "fairness": {
    "P": [
      0.2,
      0.3,
      0.5
    ],
    "users": {
      "0": {
        "I_MAP": [
          0.19067103657850293,
          0.23762039525620526,
          0.3011535202180582,
          0.39473018471615573,
          0.5286425435738875,
          0.7010759342318613,
          0.8952967959698599,
          1.0924897873098023,
          1.2801604120611816,
          1.4533463594197449,
          1.612747759860424,
          1.7505373764419807,
          1.8581374708050962,
          1.929427473304575,
          1.9698755208454646,
          1.9885718223893571
        ],
        "MAP_SER": [
          0.593201,
          0.5762805,
          0.5542265,
          0.5221735,
          0.4734845,
          0.411607,
          0.3453805,
          0.2793775,
          0.218599,
          0.1629345,
          0.112834,
          0.0709465,
          0.0393025,
          0.019266,
          0.0080025,
          0.0029435
        ],
        "I_oracle": [
          0.4282313959265307,
          0.6135122010710381,
          0.8470729970381203,
          1.1117171508052062,
          1.381809508399991,
          1.6189679261535663,
          1.7954909604903575,
          1.904900264154166,
          1.961579237100084,
          1.9864139466212423,
          1.995650712497577,
          1.9987387440266298,
          1.9996408470208307,
          1.9998992945243745,
          1.9999743959278693,
          1.9999950886329347
        ]
      },
      "1": {
        "I_MAP": [
          0.1898625839371737,
          0.2428264089485508,
          0.3000946320632554,
          0.35839723995398787,
          0.4173837213327729,
          0.4772411052107559,
          0.5437158413993988,
          0.6295229664274988,
          0.7476904183554134,
          0.9075627544887375,
          1.1034409538017664,
          1.316825344532115,
          1.521805785596208,
          1.6941615424625935,
          1.822753610415806,
          1.905466106699916
        ],
        "MAP_SER": [
          0.5919895,
          0.5706515,
          0.5514225,
          0.5351615,
          0.52113,
          0.5065115,
          0.48854,
          0.4604765,
          0.415921,
          0.354309,
          0.281991,
          0.208792,
          0.1415025,
          0.088916,
          0.050288,
          0.0264375
        ],
        "I_oracle": [
          0.3069277442344449,
          0.44957291418236256,
          0.6383749960701353,
          0.8682918898447551,
          1.1245910430172994,
          1.3808083747994773,
          1.6019519974593208,
          1.7685142833216956,
          1.8770893787196925,
          1.9400264866031687,
          1.9724608856656876,
          1.987896741507089,
          1.9948671890905727,
          1.9979074201776117,
          1.9991320126213854,
          1.9996291642823858
        ]
      },
      "2": {
        "I_MAP": [
          0.16830800249984845,
          0.23106561935202796,
          0.3063631573693244,
          0.39009678253513114,
          0.47957237462300273,
          0.571412973879883,
          0.6655888747090652,
          0.7667338331678322,
          0.8830402073641386,
          1.0172673797335283,
          1.167932851831119,
          1.3258448532905285,
          1.4787705682363153,
          1.6152291324543482,
          1.7276825333367423,
          1.812566514861259
        ],
        "MAP_SER": [
          0.604898,
          0.5745325,
          0.542823,
          0.509881,
          0.4788425,
          0.4502515,
          0.421835,
          0.390783,
          0.353295,
          0.308105,
          0.2577595,
          0.2061465,
          0.1577435,
          0.11543,
          0.0809705,
          0.0554305
        ],
        "I_oracle": [
          0.2087988707413968,
          0.308665110696817,
          0.4447118536789405,
          0.6174716432109324,
          0.8219532976995252,
          1.0440443639800503,
          1.2621870039751832,
          1.4572016312016438,
          1.6169260048912293,
          1.7389754613659094,
          1.8263076792542097,
          1.8864204323251492,
          1.9266465753256963,
          1.9532025399361401,
          1.9704189697550982,
          1.98112718786009
        ]
      }
    },
    "snr": [
      0,
      2,
      4,
      6,
      8,
      10,
      12,
      14,
      16,
      18,
      20,
      22,
      24,
      26,
      28,
      30
    ]
  },
  "power_universality": {
    "snr_db": 15,